country,path,file
ghana,Life/SLAMS,ghana_Customer_master.csv
ghana,Life/SLAMS,ghana_beneficiaries.csv
ghana,Life/SLAMS,ghana_intermediary_commission_statement.csv
ghana,Life/SLAMS,ghana_policy_header.csv
ghana,Life/SLAMS,ghana_policy_statement.csv
ghana,Life/SLAMS,ghana_transaction_history_life.csv
ghana,Life/SLAMS,ghans_intermediary_master.csv
ghana,Pension/SLAMS,ghana_customer_master.csv
ghana,Pension/SLAMS,ghana_policy_statements_pension.csv
ghana,Pension/SLAMS,ghana_transactions_history_pension.csv
kenya,GI/AIMS,kenya_life_policy-2021-07-19 09:10:22.csv
kenya,GI/AIMS,GI_Intermediaries_kenya20210616142703.csv
kenya,GI/AIMS,GI_Intermediaries_kenya20210617131411.csv
kenya,GI/AIMS,GI_Intermediaries_kenya20210618223322.csv
kenya,GI/AIMS,GI_Intermediaries_kenya20210621114322.csv
kenya,GI/AIMS,GI_claims_kenya20210616142703.csv
kenya,GI/AIMS,GI_claims_kenya20210617131411.csv
kenya,GI/AIMS,GI_claims_kenya20210618223322.csv
kenya,GI/AIMS,GI_claims_kenya20210621114322.csv
kenya,GI/AIMS,GI_claims_motor_kenya20210616142703.csv
kenya,GI/AIMS,GI_claims_motor_kenya20210617131411.csv
kenya,GI/AIMS,GI_claims_motor_kenya20210618223322.csv
kenya,GI/AIMS,GI_claims_motor_kenya20210621114322.csv
kenya,GI/AIMS,GI_customer_kenya20210616142703.csv
kenya,GI/AIMS,GI_customer_kenya20210617131411.csv
kenya,GI/AIMS,GI_customer_kenya20210618223322.csv
kenya,GI/AIMS,GI_policy_details_motor_kenya20210616142703.csv
kenya,GI/AIMS,GI_policy_details_motor_kenya20210617131411.csv
kenya,GI/AIMS,GI_policy_details_motor_kenya20210618223322.csv
kenya,GI/AIMS,GI_policy_details_motor_kenya20210621114322.csv
kenya,GI/AIMS,GI_policy_details_travel_kenya20210616142703.csv
kenya,GI/AIMS,GI_policy_details_travel_kenya20210617131411.csv
kenya,GI/AIMS,GI_policy_details_travel_kenya20210618223322.csv
kenya,GI/AIMS,GI_policy_details_travel_kenya20210621114322.csv
kenya,GI/AIMS,GI_policy_statement_kenya20210616142703.csv
kenya,GI/AIMS,GI_policy_statement_kenya20210617131411.csv
kenya,GI/AIMS,GI_policy_statement_kenya20210618223322.csv
kenya,GI/AIMS,GI_policy_statement_kenya20210621114322.csv
kenya,GI/AIMS,GI_policyheader_kenya20210616142703.csv
kenya,GI/AIMS,GI_policyheader_kenya20210617131411.csv
kenya,GI/AIMS,GI_policyheader_kenya20210618223322.csv
kenya,GI/AIMS,GI_policyheader_kenya20210621114322.csv
kenya,GI/AIMS,GI_policyheader_travel_kenya20210616142703.csv
kenya,GI/AIMS,GI_policyheader_travel_kenya20210617131411.csv
kenya,GI/AIMS,GI_policyheader_travel_kenya20210618223322.csv
kenya,GI/AIMS,GI_policyheader_travel_kenya20210621114322.csv
kenya,GI/AIMS,kenya_life_policy.csv
kenya,GI/AIMS,kenya_travel_policy_header.csv
kenya,GI/AIMS,kenya_travel_policy_header-2021-07-19 10:00:00.csv
kenya,GI/AIMS,kenya_gi_claims_history.csv
kenya,GI/AIMS,kenya_gi_customer.csv
kenya,GI/AIMS,kenya_gi_motor_claims.csv
kenya,GI/AIMS,kenya_gi_policy_statements.csv
kenya,GI/AIMS,kenya_health_customer_staging-2021-07-06 07:14:42.csv
kenya,GI/AIMS,kenya_health_customer_staging-2021-07-06 07:21:21.csv
kenya,GI/AIMS,kenya_health_customer_staging.csv
kenya,GI/AIMS,kenya_intermediaries_gi.csv
kenya,GI/AIMS,kenya_life_policy.csv
kenya,GI/AIMS,kenya_policy_details_motor.csv
kenya,GI/AIMS,kenya_policy_header_non_motor.csv
kenya,GI/AIMS,kenya_policy_header_travel.csv
kenya,GI/AIMS,kenya_travel_policy_details_travel.csv
kenya,Health/eOxegen,Health_Intermediaries_kenya20210616143021.csv
kenya,Health/eOxegen,Health_Intermediaries_kenya20210617131411.csv
kenya,Health/eOxegen,Health_Intermediaries_kenya20210618223322.csv
kenya,Health/eOxegen,Health_Intermediaries_kenya20210621114322.csv
kenya,Health/eOxegen,Health_claims_kenya20210616143021.csv
kenya,Health/eOxegen,Health_claims_kenya20210617131411.csv
kenya,Health/eOxegen,Health_claims_kenya20210618223322.csv
kenya,Health/eOxegen,Health_claims_kenya20210621114322.csv
kenya,Health/eOxegen,Health_customer_kenya20210616143021.csv
kenya,Health/eOxegen,Health_customer_kenya20210617131411.csv
kenya,Health/eOxegen,Health_customer_kenya20210618223322.csv
kenya,Health/eOxegen,Health_customer_kenya20210621114322.csv
kenya,Health/eOxegen,Health_policy_details_kenya20210616143021.csv
kenya,Health/eOxegen,Health_policy_details_kenya20210617131411.csv
kenya,Health/eOxegen,Health_policy_details_kenya20210618223322.csv
kenya,Health/eOxegen,Health_policy_details_kenya20210621114322.csv
kenya,Health/eOxegen,Health_policy_statement_kenya20210616143021.csv
kenya,Health/eOxegen,Health_policy_statement_kenya20210617131411.csv
kenya,Health/eOxegen,Health_policy_statement_kenya20210618223322.csv
kenya,Health/eOxegen,Health_policy_statement_kenya20210621114322.csv
kenya,Health/eOxegen,Health_policyheader_kenya20210616143021.csv
kenya,Health/eOxegen,Health_policyheader_kenya20210617131411.csv
kenya,Health/eOxegen,Health_policyheader_kenya20210618223322.csv
kenya,Health/eOxegen,Health_policyheader_kenya20210621114322.csv
kenya,Health/eOxegen,kenya_health_policy_statement.csv
kenya,Health/eOxegen,kenya_health_policy_statement-2021-07-19 09:14:52.csv
kenya,Health/eOxegen,kenya_Health_Policy_Details.csv
kenya,Health/eOxegen,kenya_Health_Policy_Header.csv
kenya,Health/eOxegen,kenya_health_claims.csv
kenya,Health/eOxegen,kenya_health_customer_staging.csv
kenya,Health/eOxegen,kenya_health_policy_statement.csv
kenya,Health/eOxegen,kenya_intermediaries_health.csv
kenya,Life/Thought_Express,kenya_life_customer.csv
kenya,Life/Thought_Express,kenya_policy_dependents.csv
kenya,Life/Thought_Express,kenya_life_intermediaries.csv
kenya,Life/Thought_Express,kenya_life_policy.csv
kenya,Life/Thought_Express,kenya_policy_header_life (1).csv
kenya,Life/Thought_Express,kenya_policy_header_life.csv
nigeria,GI/TIA,nigeria_claims_history_gi.csv
nigeria,GI/TIA,nigeria_customer_master.csv
nigeria,GI/TIA,nigeria_intermediary_commission_statement.csv
nigeria,GI/TIA,nigeria_intermediary_master.csv
nigeria,GI/TIA,nigeria_policy_Burglary_Housebreaking.csv
nigeria,GI/TIA,nigeria_policy_NG_Fire_Peril.csv
nigeria,GI/TIA,nigeria_policy_Personal_Accident.csv
nigeria,GI/TIA,nigeria_policy_details_motor.csv
nigeria,GI/TIA,nigeria_policy_header_non_motor.csv
nigeria,GI/TIA,nigeria_policy_motor_claims.csv
nigeria,GI/TIA,nigeria_policy_statements_gi.csv
nigeria,GI/TIA,GI_Policy_Statements.csv
nigeria,GI/TIA,General_Ins_Claim_History.csv
nigeria,GI/TIA,Intermediary_Commission_Stmnt.csv
nigeria,GI/TIA,Intermediary_Master.csv
nigeria,GI/TIA,Motor_Claim.csv
nigeria,GI/TIA,NG_Burglary_Housebreaking.csv
nigeria,GI/TIA,NG_Claims_Outst_Estimates.csv
nigeria,GI/TIA,NG_Fire_Peril.csv
nigeria,GI/TIA,NG_Nigeria_Claims_Payments.csv
nigeria,GI/TIA,NG_Personal_Accident.csv
nigeria,GI/TIA,NG_Sales_Report.csv
nigeria,GI/TIA,Policy_Details_Motor.csv
nigeria,GI/TIA,Policy_Header_Non_Life.csv
nigeria,GI/TIA,tia_input_demo_data.csv
nigeria,Life/COMPEN,nigeria_customer_master.csv
nigeria,Life/COMPEN,nigeria_intermediary_master.csv
nigeria,Life/COMPEN,nigeria_policy_header_life.csv
nigeria,Life/COMPEN,nigeria_policy_statements_life.csv
nigeria,Life/COMPEN,nigeria_transactions_history_life.csv
nigeria,Life/COMPEN,Customer_Master_20210609.csv
nigeria,Life/COMPEN,Customer_Master_20210616.csv
nigeria,Life/COMPEN,Customer_Master_20210617.csv
nigeria,Life/COMPEN,Customer_Master_20210618.csv
nigeria,Life/COMPEN,Customer_Master_20210619.csv
nigeria,Life/COMPEN,Customer_Master_20210620.csv
nigeria,Life/COMPEN,Customer_Master_20210621.csv
nigeria,Life/COMPEN,Customer_Master_20210622.csv
nigeria,Life/COMPEN,Customer_Master_20210623.csv
nigeria,Life/COMPEN,Customer_Master_20210624.csv
nigeria,Life/COMPEN,Customer_Master_20210625.csv
nigeria,Life/COMPEN,Customer_Master_20210626.csv
nigeria,Life/COMPEN,Customer_Master_20210627.csv
nigeria,Life/COMPEN,Customer_Master_20210628.csv
nigeria,Life/COMPEN,Customer_Master_20210629.csv
nigeria,Life/COMPEN,Customer_Master_20210630.csv
nigeria,Life/COMPEN,Customer_Master_20210728.csv
nigeria,Life/COMPEN,Customer_Master_20210729.csv
nigeria,Life/COMPEN,Customer_Master_20210730.csv
nigeria,Life/COMPEN,Customer_Master_20210731.csv
nigeria,Life/COMPEN,Customer_Master_20210802.csv
nigeria,Life/COMPEN,Intermediary_Master_20210609.csv
nigeria,Life/COMPEN,Intermediary_Master_20210616.csv
nigeria,Life/COMPEN,Intermediary_Master_20210617.csv
nigeria,Life/COMPEN,Intermediary_Master_20210618.csv
nigeria,Life/COMPEN,Intermediary_Master_20210619.csv
nigeria,Life/COMPEN,Intermediary_Master_20210620.csv
nigeria,Life/COMPEN,Intermediary_Master_20210621.csv
nigeria,Life/COMPEN,Intermediary_Master_20210622.csv
nigeria,Life/COMPEN,Intermediary_Master_20210623.csv
nigeria,Life/COMPEN,Intermediary_Master_20210624.csv
nigeria,Life/COMPEN,Intermediary_Master_20210625.csv
nigeria,Life/COMPEN,Intermediary_Master_20210626.csv
nigeria,Life/COMPEN,Intermediary_Master_20210627.csv
nigeria,Life/COMPEN,Intermediary_Master_20210628.csv
nigeria,Life/COMPEN,Intermediary_Master_20210629.csv
nigeria,Life/COMPEN,Intermediary_Master_20210630.csv
nigeria,Life/COMPEN,Intermediary_Master_20210728.csv
nigeria,Life/COMPEN,Intermediary_Master_20210729.csv
nigeria,Life/COMPEN,Intermediary_Master_20210730.csv
nigeria,Life/COMPEN,Intermediary_Master_20210731.csv
nigeria,Life/COMPEN,Intermediary_Master_20210801.csv
nigeria,Life/COMPEN,Intermediary_Master_20210802.csv
nigeria,Life/COMPEN,Life_Policy_Statements_20210609.csv
nigeria,Life/COMPEN,Life_Policy_Statements_20210616.csv
nigeria,Life/COMPEN,Life_Policy_Statements_20210617.csv
nigeria,Life/COMPEN,Life_Policy_Statements_20210618.csv
nigeria,Life/COMPEN,Life_Policy_Statements_20210619.csv
nigeria,Life/COMPEN,Life_Policy_Statements_20210620.csv
nigeria,Life/COMPEN,Life_Policy_Statements_20210621.csv
nigeria,Life/COMPEN,Life_Policy_Statements_20210622.csv
nigeria,Life/COMPEN,Life_Policy_Statements_20210623.csv
nigeria,Life/COMPEN,Life_Policy_Statements_20210624.csv
nigeria,Life/COMPEN,Life_Policy_Statements_20210625.csv
nigeria,Life/COMPEN,Life_Policy_Statements_20210626.csv
nigeria,Life/COMPEN,Life_Policy_Statements_20210627.csv
nigeria,Life/COMPEN,Life_Policy_Statements_20210628.csv
nigeria,Life/COMPEN,Life_Policy_Statements_20210629.csv
nigeria,Life/COMPEN,Life_Policy_Statements_20210630.csv
nigeria,Life/COMPEN,Life_Policy_Statements_20210728.csv
nigeria,Life/COMPEN,Life_Policy_Statements_20210729.csv
nigeria,Life/COMPEN,Life_Policy_Statements_20210730.csv
nigeria,Life/COMPEN,Life_Policy_Statements_20210731.csv
nigeria,Life/COMPEN,Life_Policy_Statements_20210801.csv
nigeria,Life/COMPEN,Life_Policy_Statements_20210802.csv
nigeria,Life/COMPEN,Life_Transaction_History_20210609.csv
nigeria,Life/COMPEN,Life_Transaction_History_20210616.csv
nigeria,Life/COMPEN,Life_Transaction_History_20210617.csv
nigeria,Life/COMPEN,Life_Transaction_History_20210618.csv
nigeria,Life/COMPEN,Life_Transaction_History_20210619.csv
nigeria,Life/COMPEN,Life_Transaction_History_20210620.csv
nigeria,Life/COMPEN,Life_Transaction_History_20210621.csv
nigeria,Life/COMPEN,Life_Transaction_History_20210622.csv
nigeria,Life/COMPEN,Life_Transaction_History_20210623.csv
nigeria,Life/COMPEN,Life_Transaction_History_20210624.csv
nigeria,Life/COMPEN,Life_Transaction_History_20210625.csv
nigeria,Life/COMPEN,Life_Transaction_History_20210626.csv
nigeria,Life/COMPEN,Life_Transaction_History_20210627.csv
nigeria,Life/COMPEN,Life_Transaction_History_20210628.csv
nigeria,Life/COMPEN,Life_Transaction_History_20210629.csv
nigeria,Life/COMPEN,Life_Transaction_History_20210630.csv
nigeria,Life/COMPEN,Life_Transaction_History_20210728.csv
nigeria,Life/COMPEN,Life_Transaction_History_20210729.csv
nigeria,Life/COMPEN,Life_Transaction_History_20210730.csv
nigeria,Life/COMPEN,Life_Transaction_History_20210731.csv
nigeria,Life/COMPEN,Life_Transaction_History_20210801.csv
nigeria,Life/COMPEN,Life_Transaction_History_20210802.csv
nigeria,Life/COMPEN,Policy_Life_20210609.csv
nigeria,Life/COMPEN,Policy_Life_20210616.csv
nigeria,Life/COMPEN,Policy_Life_20210617.csv
nigeria,Life/COMPEN,Policy_Life_20210618.csv
nigeria,Life/COMPEN,Policy_Life_20210619.csv
nigeria,Life/COMPEN,Policy_Life_20210620.csv
nigeria,Life/COMPEN,Policy_Life_20210621.csv
nigeria,Life/COMPEN,Policy_Life_20210622.csv
nigeria,Life/COMPEN,Policy_Life_20210623.csv
nigeria,Life/COMPEN,Policy_Life_20210624.csv
nigeria,Life/COMPEN,Policy_Life_20210625.csv
nigeria,Life/COMPEN,Policy_Life_20210626.csv
nigeria,Life/COMPEN,Policy_Life_20210627.csv
nigeria,Life/COMPEN,Policy_Life_20210628.csv
nigeria,Life/COMPEN,Policy_Life_20210629.csv
nigeria,Life/COMPEN,Policy_Life_20210630.csv
nigeria,Life/COMPEN,Policy_Life_20210728.csv
nigeria,Life/COMPEN,Policy_Life_20210729.csv
nigeria,Life/COMPEN,Policy_Life_20210730.csv
nigeria,Life/COMPEN,Policy_Life_20210731.csv
nigeria,Life/COMPEN,Policy_Life_20210801.csv
nigeria,Life/COMPEN,Policy_Life_20210802.csv
nigeria,Life/GIBBS,nigeria_customer_master.csv
nigeria,Life/GIBBS,nigeria_intermediary_commission_statement.csv
nigeria,Life/GIBBS,nigeria_intermediary_master.csv
nigeria,Life/GIBBS,nigeria_policy_header_life.csv
nigeria,Life/GIBBS,nigeria_policy_statements_life.csv
nigeria,Life/GIBBS,nigeria_transactions_history_life.csv
nigeria,Life/OIPA,nigeria_account_statements_investments.csv
nigeria,Life/OIPA,nigeria_customer_master.csv
nigeria,Life/OIPA,nigeria_intermediary_commission_statement.csv
nigeria,Life/OIPA,nigeria_intermediary_master.csv
nigeria,Life/OIPA,nigeria_investment_account.csv
nigeria,Life/OIPA,nigeria_policy_header_life.csv
nigeria,Life/OIPA,nigeria_policy_statements_life.csv
nigeria,Life/OIPA,nigeria_transactions_history_life.csv
rwanda,GI/AIMS,GI_Intermediaries_rwanda2021060921513920210610030414.csv
rwanda,GI/AIMS,GI_Intermediaries_rwanda20210616142703.csv
rwanda,GI/AIMS,GI_Intermediaries_rwanda20210617131411.csv
rwanda,GI/AIMS,GI_Intermediaries_rwanda20210618223322.csv
rwanda,GI/AIMS,GI_Intermediaries_rwanda20210621114322.csv
rwanda,GI/AIMS,GI_claims_motor_rwanda2021060921513920210610030414.csv
rwanda,GI/AIMS,GI_claims_motor_rwanda20210616142703.csv
rwanda,GI/AIMS,GI_claims_motor_rwanda20210617131411.csv
rwanda,GI/AIMS,GI_claims_motor_rwanda20210618223322.csv
rwanda,GI/AIMS,GI_claims_motor_rwanda20210621114322.csv
rwanda,GI/AIMS,GI_claims_rwanda2021060921513920210610030414.csv
rwanda,GI/AIMS,GI_claims_rwanda20210616142703.csv
rwanda,GI/AIMS,GI_claims_rwanda20210617131411.csv
rwanda,GI/AIMS,GI_claims_rwanda20210618223322.csv
rwanda,GI/AIMS,GI_claims_rwanda20210621114322.csv
rwanda,GI/AIMS,GI_customer_rwanda2021060921513920210610030414.csv
rwanda,GI/AIMS,GI_customer_rwanda20210616142703.csv
rwanda,GI/AIMS,GI_customer_rwanda20210617131411.csv
rwanda,GI/AIMS,GI_customer_rwanda20210618223322.csv
rwanda,GI/AIMS,GI_customer_rwanda20210621114322.csv
rwanda,GI/AIMS,GI_policy_details_motor_rwanda2021060921513920210610030414.csv
rwanda,GI/AIMS,GI_policy_details_motor_rwanda20210616142703.csv
rwanda,GI/AIMS,GI_policy_details_motor_rwanda20210617131411.csv
rwanda,GI/AIMS,GI_policy_details_motor_rwanda20210618223322.csv
rwanda,GI/AIMS,GI_policy_details_motor_rwanda20210621114322.csv
rwanda,GI/AIMS,GI_policy_details_travel_rwanda2021060921513920210610030414.csv
rwanda,GI/AIMS,GI_policy_details_travel_rwanda20210616142703.csv
rwanda,GI/AIMS,GI_policy_details_travel_rwanda20210617131411.csv
rwanda,GI/AIMS,GI_policy_details_travel_rwanda20210618223322.csv
rwanda,GI/AIMS,GI_policy_details_travel_rwanda20210621114322.csv
rwanda,GI/AIMS,GI_policy_statement_rwanda2021060921513920210610030414.csv
rwanda,GI/AIMS,GI_policy_statement_rwanda20210616142703.csv
rwanda,GI/AIMS,GI_policy_statement_rwanda20210617131411.csv
rwanda,GI/AIMS,GI_policy_statement_rwanda20210618223322.csv
rwanda,GI/AIMS,GI_policy_statement_rwanda20210621114322.csv
rwanda,GI/AIMS,GI_policyheader_rwanda2021060921513920210610030414.csv
rwanda,GI/AIMS,GI_policyheader_rwanda20210616142703.csv
rwanda,GI/AIMS,GI_policyheader_rwanda20210617131411.csv
rwanda,GI/AIMS,GI_policyheader_rwanda20210618223322.csv
rwanda,GI/AIMS,GI_policyheader_rwanda20210621114322.csv
rwanda,GI/AIMS,GI_policyheader_travel_rwanda2021060921513920210610030414.csv
rwanda,GI/AIMS,GI_policyheader_travel_rwanda20210616142703.csv
rwanda,GI/AIMS,GI_policyheader_travel_rwanda20210617131411.csv
rwanda,GI/AIMS,GI_policyheader_travel_rwanda20210618223322.csv
rwanda,GI/AIMS,GI_policyheader_travel_rwanda20210621114322.csv
rwanda,GI/AIMS,rwanda_gi_motor_claims.csv
rwanda,GI/AIMS,rwanda_gi_policy_statements.csv
rwanda,GI/AIMS,rwanda_health_customer_staging.csv
rwanda,GI/AIMS,rwanda_intermediaries_gi.csv
rwanda,GI/AIMS,rwanda_intermediary_commission_statement.csv
rwanda,GI/AIMS,rwanda_motor_policy_details.csv
rwanda,GI/AIMS,rwanda_non_motor_policy_header.csv
rwanda,GI/AIMS,rwanda_travel_policy_details.csv
rwanda,GI/AIMS,rwanda_travel_policy_header.csv
rwanda,Health/eOxegen,Health_Intermediaries_rwanda2021060921513920210610030414.csv
rwanda,Health/eOxegen,Health_Intermediaries_rwanda20210610030414.csv
rwanda,Health/eOxegen,Health_Intermediaries_rwanda20210616143021.csv
rwanda,Health/eOxegen,Health_Intermediaries_rwanda20210617131411.csv
rwanda,Health/eOxegen,Health_Intermediaries_rwanda20210618223322.csv
rwanda,Health/eOxegen,Health_Intermediaries_rwanda20210621114322.csv
rwanda,Health/eOxegen,Health_claims_rwanda2021060921513920210610030414.csv
rwanda,Health/eOxegen,Health_claims_rwanda20210610030414.csv
rwanda,Health/eOxegen,Health_claims_rwanda20210616143021.csv
rwanda,Health/eOxegen,Health_claims_rwanda20210617131411.csv
rwanda,Health/eOxegen,Health_claims_rwanda20210618223322.csv
rwanda,Health/eOxegen,Health_claims_rwanda20210621114322.csv
rwanda,Health/eOxegen,Health_customer_rwanda2021060921513920210610030414.csv
rwanda,Health/eOxegen,Health_customer_rwanda20210610030414.csv
rwanda,Health/eOxegen,Health_customer_rwanda20210616143021.csv
rwanda,Health/eOxegen,Health_customer_rwanda20210617131411.csv
rwanda,Health/eOxegen,Health_customer_rwanda20210618223322.csv
rwanda,Health/eOxegen,Health_customer_rwanda20210621114322.csv
rwanda,Health/eOxegen,Health_policy_details_rwanda2021060921513920210610030414.csv
rwanda,Health/eOxegen,Health_policy_details_rwanda20210610030414.csv
rwanda,Health/eOxegen,Health_policy_details_rwanda20210616143021.csv
rwanda,Health/eOxegen,Health_policy_details_rwanda20210617131411.csv
rwanda,Health/eOxegen,Health_policy_details_rwanda20210618223322.csv
rwanda,Health/eOxegen,Health_policy_details_rwanda20210621114322.csv
rwanda,Health/eOxegen,Health_policy_statement_rwanda2021060921513920210610030414.csv
rwanda,Health/eOxegen,Health_policy_statement_rwanda20210610030414.csv
rwanda,Health/eOxegen,Health_policy_statement_rwanda20210616143021.csv
rwanda,Health/eOxegen,Health_policy_statement_rwanda20210617131411.csv
rwanda,Health/eOxegen,Health_policy_statement_rwanda20210618223322.csv
rwanda,Health/eOxegen,Health_policy_statement_rwanda20210621114322.csv
rwanda,Health/eOxegen,Health_policyheader_rwanda2021060921513920210610030414.csv
rwanda,Health/eOxegen,Health_policyheader_rwanda20210610030414.csv
rwanda,Health/eOxegen,Health_policyheader_rwanda20210616143021.csv
rwanda,Health/eOxegen,Health_policyheader_rwanda20210617131411.csv
rwanda,Health/eOxegen,Health_policyheader_rwanda20210618223322.csv
rwanda,Health/eOxegen,Health_policyheader_rwanda20210621114322.csv
rwanda,Health/eOxegen,rwanda_Health_Policy_Details.csv
rwanda,Health/eOxegen,rwanda_Health_Policy_Header.csv
rwanda,Health/eOxegen,rwanda_health_claims.csv
rwanda,Health/eOxegen,rwanda_health_customer_staging.csv
rwanda,Health/eOxegen,rwanda_health_policy_statement.csv
rwanda,Health/eOxegen,rwanda_intermediaries_health.csv
southsudan,GI/AIMS,GI_Intermediaries_sudan.csv
southsudan,GI/AIMS,GI_Intermediaries_sudan20210609215139.csv
southsudan,GI/AIMS,GI_Intermediaries_sudan2021060921513920210610030414.csv
southsudan,GI/AIMS,GI_Intermediaries_sudan20210616142703.csv
southsudan,GI/AIMS,GI_Intermediaries_sudan20210617131411.csv
southsudan,GI/AIMS,GI_Intermediaries_sudan20210618223322.csv
southsudan,GI/AIMS,GI_Intermediaries_sudan20210621114322.csv
southsudan,GI/AIMS,GI_claims_motor_sudan.csv
southsudan,GI/AIMS,GI_claims_motor_sudan20210609215139.csv
southsudan,GI/AIMS,GI_claims_motor_sudan2021060921513920210610030414.csv
southsudan,GI/AIMS,GI_claims_motor_sudan20210616142703.csv
southsudan,GI/AIMS,GI_claims_motor_sudan20210617131411.csv
southsudan,GI/AIMS,GI_claims_motor_sudan20210618223322.csv
southsudan,GI/AIMS,GI_claims_motor_sudan20210621114322.csv
southsudan,GI/AIMS,GI_claims_motor_tanzania.csv
southsudan,GI/AIMS,GI_claims_sudan.csv
southsudan,GI/AIMS,GI_claims_sudan20210609215139.csv
southsudan,GI/AIMS,GI_claims_sudan2021060921513920210610030414.csv
southsudan,GI/AIMS,GI_claims_sudan20210616142703.csv
southsudan,GI/AIMS,GI_claims_sudan20210617131411.csv
southsudan,GI/AIMS,GI_claims_sudan20210618223322.csv
southsudan,GI/AIMS,GI_claims_sudan20210621114322.csv
southsudan,GI/AIMS,GI_claims_tanzania.csv
southsudan,GI/AIMS,GI_customer_sudan.csv
southsudan,GI/AIMS,GI_customer_sudan20210609215139.csv
southsudan,GI/AIMS,GI_customer_sudan2021060921513920210610030414.csv
southsudan,GI/AIMS,GI_customer_sudan20210616142703.csv
southsudan,GI/AIMS,GI_customer_sudan20210617131411.csv
southsudan,GI/AIMS,GI_customer_sudan20210618223322.csv
southsudan,GI/AIMS,GI_customer_sudan20210621114322.csv
southsudan,GI/AIMS,GI_policy_details_motor_sudan.csv
southsudan,GI/AIMS,GI_policy_details_motor_sudan20210609215139.csv
southsudan,GI/AIMS,GI_policy_details_motor_sudan2021060921513920210610030414.csv
southsudan,GI/AIMS,GI_policy_details_motor_sudan20210616142703.csv
southsudan,GI/AIMS,GI_policy_details_motor_sudan20210617131411.csv
southsudan,GI/AIMS,GI_policy_details_motor_sudan20210618223322.csv
southsudan,GI/AIMS,GI_policy_details_motor_sudan20210621114322.csv
southsudan,GI/AIMS,GI_policy_details_travel_sudan.csv
southsudan,GI/AIMS,GI_policy_details_travel_sudan20210609215139.csv
southsudan,GI/AIMS,GI_policy_details_travel_sudan2021060921513920210610030414.csv
southsudan,GI/AIMS,GI_policy_details_travel_sudan20210616142703.csv
southsudan,GI/AIMS,GI_policy_details_travel_sudan20210617131411.csv
southsudan,GI/AIMS,GI_policy_details_travel_sudan20210618223322.csv
southsudan,GI/AIMS,GI_policy_details_travel_sudan20210621114322.csv
southsudan,GI/AIMS,GI_policy_statement_sudan.csv
southsudan,GI/AIMS,GI_policy_statement_sudan20210609215139.csv
southsudan,GI/AIMS,GI_policy_statement_sudan2021060921513920210610030414.csv
southsudan,GI/AIMS,GI_policy_statement_sudan20210616142703.csv
southsudan,GI/AIMS,GI_policy_statement_sudan20210617131411.csv
southsudan,GI/AIMS,GI_policy_statement_sudan20210618223322.csv
southsudan,GI/AIMS,GI_policy_statement_sudan20210621114322.csv
southsudan,GI/AIMS,GI_policyheader_sudan.csv
southsudan,GI/AIMS,GI_policyheader_sudan20210609215139.csv
southsudan,GI/AIMS,GI_policyheader_sudan2021060921513920210610030414.csv
southsudan,GI/AIMS,GI_policyheader_sudan20210616142703.csv
southsudan,GI/AIMS,GI_policyheader_sudan20210617131411.csv
southsudan,GI/AIMS,GI_policyheader_sudan20210618223322.csv
southsudan,GI/AIMS,GI_policyheader_sudan20210621114322.csv
southsudan,GI/AIMS,GI_policyheader_travel_sudan.csv
southsudan,GI/AIMS,GI_policyheader_travel_sudan20210609215139.csv
southsudan,GI/AIMS,GI_policyheader_travel_sudan2021060921513920210610030414.csv
southsudan,GI/AIMS,GI_policyheader_travel_sudan20210616142703.csv
southsudan,GI/AIMS,GI_policyheader_travel_sudan20210617131411.csv
southsudan,GI/AIMS,GI_policyheader_travel_sudan20210618223322.csv
southsudan,GI/AIMS,GI_policyheader_travel_sudan20210621114322.csv
southsudan,GI/AIMS,south_sudan_intermediary_commission_statement.csv
southsudan,GI/AIMS,southsudan_claims_history_gi.csv
southsudan,GI/AIMS,southsudan_claims_history_motor.csv
southsudan,GI/AIMS,southsudan_gi_customer.csv
southsudan,GI/AIMS,southsudan_health_customer_staging.csv
southsudan,GI/AIMS,southsudan_intermediaries_gi.csv
southsudan,GI/AIMS,southsudan_policy_details_motor.csv
southsudan,GI/AIMS,southsudan_policy_details_travel.csv
southsudan,GI/AIMS,southsudan_policy_header_non_motor.csv
southsudan,GI/AIMS,southsudan_policy_header_travel.csv
southsudan,GI/AIMS,southsudan_policy_statements_gi.csv
southsudan,Health/eOxegen,southsudan_intermediary_master.csv
southsudan,Health/eOxegen,Health_Intermediaries_sudan2021060921513920210610030414.csv
southsudan,Health/eOxegen,Health_Intermediaries_sudan20210610030414.csv
southsudan,Health/eOxegen,Health_Intermediaries_sudan20210616143021.csv
southsudan,Health/eOxegen,Health_Intermediaries_sudan20210617131411.csv
southsudan,Health/eOxegen,Health_Intermediaries_sudan20210618223322.csv
southsudan,Health/eOxegen,Health_Intermediaries_sudan20210621114322.csv
southsudan,Health/eOxegen,Health_claims_sudan2021060921513920210610030414.csv
southsudan,Health/eOxegen,Health_claims_sudan20210610030414.csv
southsudan,Health/eOxegen,Health_claims_sudan20210616143021.csv
southsudan,Health/eOxegen,Health_claims_sudan20210617131411.csv
southsudan,Health/eOxegen,Health_claims_sudan20210618223322.csv
southsudan,Health/eOxegen,Health_claims_sudan20210621114322.csv
southsudan,Health/eOxegen,Health_customer_sudan2021060921513920210610030414.csv
southsudan,Health/eOxegen,Health_customer_sudan20210610030414.csv
southsudan,Health/eOxegen,Health_customer_sudan20210616143021.csv
southsudan,Health/eOxegen,Health_customer_sudan20210617131411.csv
southsudan,Health/eOxegen,Health_customer_sudan20210618223322.csv
southsudan,Health/eOxegen,Health_customer_sudan20210621114322.csv
southsudan,Health/eOxegen,Health_policy_details_sudan2021060921513920210610030414.csv
southsudan,Health/eOxegen,Health_policy_details_sudan20210610030414.csv
southsudan,Health/eOxegen,Health_policy_details_sudan20210616143021.csv
southsudan,Health/eOxegen,Health_policy_details_sudan20210617131411.csv
southsudan,Health/eOxegen,Health_policy_details_sudan20210618223322.csv
southsudan,Health/eOxegen,Health_policy_details_sudan20210621114322.csv
southsudan,Health/eOxegen,Health_policy_statement_sudan2021060921513920210610030414.csv
southsudan,Health/eOxegen,Health_policy_statement_sudan2021061003041420210610030414.csv
southsudan,Health/eOxegen,Health_policy_statement_sudan20210616143021.csv
southsudan,Health/eOxegen,Health_policy_statement_sudan20210617131411.csv
southsudan,Health/eOxegen,Health_policy_statement_sudan20210618223322.csv
southsudan,Health/eOxegen,Health_policy_statement_sudan20210621114322.csv
southsudan,Health/eOxegen,Health_policyheader_sudan2021060921513920210610030414.csv
southsudan,Health/eOxegen,Health_policyheader_sudan20210610030414.csv
southsudan,Health/eOxegen,Health_policyheader_sudan20210616143021.csv
southsudan,Health/eOxegen,Health_policyheader_sudan20210617131411.csv
southsudan,Health/eOxegen,Health_policyheader_sudan20210618223322.csv
southsudan,Health/eOxegen,Health_policyheader_sudan20210621114322.csv
southsudan,Health/eOxegen,southsudan_health_claims.csv
southsudan,Health/eOxegen,southsudan_health_customer_staging.csv
southsudan,Health/eOxegen,southsudan_intermediaries_health.csv
southsudan,Health/eOxegen,southsudan_policy_details_health.csv
southsudan,Health/eOxegen,southsudan_policy_header_health.csv
southsudan,Health/eOxegen,southsudan_policy_statements_health.csv
tanzania,GI/AIMS,GI_Intermediaries_tanzania.csv
tanzania,GI/AIMS,GI_Intermediaries_tanzania20210609215139.csv
tanzania,GI/AIMS,GI_Intermediaries_tanzania2021060921513920210610030414.csv
tanzania,GI/AIMS,GI_Intermediaries_tanzania20210616142703.csv
tanzania,GI/AIMS,GI_Intermediaries_tanzania20210617131411.csv
tanzania,GI/AIMS,GI_Intermediaries_tanzania20210618223322.csv
tanzania,GI/AIMS,GI_Intermediaries_tanzania20210621114322.csv
tanzania,GI/AIMS,GI_claims_motor_tanzania.csv
tanzania,GI/AIMS,GI_claims_motor_tanzania20210609215139.csv
tanzania,GI/AIMS,GI_claims_motor_tanzania2021060921513920210610030414.csv
tanzania,GI/AIMS,GI_claims_motor_tanzania20210616142703.csv
tanzania,GI/AIMS,GI_claims_motor_tanzania20210617131411.csv
tanzania,GI/AIMS,GI_claims_motor_tanzania20210618223322.csv
tanzania,GI/AIMS,GI_claims_motor_tanzania20210621114322.csv
tanzania,GI/AIMS,GI_claims_tanzania.csv
tanzania,GI/AIMS,GI_claims_tanzania20210609215139.csv
tanzania,GI/AIMS,GI_claims_tanzania2021060921513920210610030414.csv
tanzania,GI/AIMS,GI_claims_tanzania20210616142703.csv
tanzania,GI/AIMS,GI_claims_tanzania20210617131411.csv
tanzania,GI/AIMS,GI_claims_tanzania20210618223322.csv
tanzania,GI/AIMS,GI_claims_tanzania20210621114322.csv
tanzania,GI/AIMS,GI_customer_tanzania.csv
tanzania,GI/AIMS,GI_customer_tanzania20210609215139.csv
tanzania,GI/AIMS,GI_customer_tanzania2021060921513920210610030414.csv
tanzania,GI/AIMS,GI_customer_tanzania20210616142703.csv
tanzania,GI/AIMS,GI_customer_tanzania20210617131411.csv
tanzania,GI/AIMS,GI_customer_tanzania20210618223322.csv
tanzania,GI/AIMS,GI_customer_tanzania20210621114322.csv
tanzania,GI/AIMS,GI_policy_details_motor_tanzania.csv
tanzania,GI/AIMS,GI_policy_details_motor_tanzania20210609215139.csv
tanzania,GI/AIMS,GI_policy_details_motor_tanzania2021060921513920210610030414.csv
tanzania,GI/AIMS,GI_policy_details_motor_tanzania20210616142703.csv
tanzania,GI/AIMS,GI_policy_details_motor_tanzania20210617131411.csv
tanzania,GI/AIMS,GI_policy_details_motor_tanzania20210618223322.csv
tanzania,GI/AIMS,GI_policy_details_motor_tanzania20210621114322.csv
tanzania,GI/AIMS,GI_policy_details_travel_tanzania.csv
tanzania,GI/AIMS,GI_policy_details_travel_tanzania20210609215139.csv
tanzania,GI/AIMS,GI_policy_details_travel_tanzania2021060921513920210610030414.csv
tanzania,GI/AIMS,GI_policy_details_travel_tanzania20210616142703.csv
tanzania,GI/AIMS,GI_policy_details_travel_tanzania20210617131411.csv
tanzania,GI/AIMS,GI_policy_details_travel_tanzania20210618223322.csv
tanzania,GI/AIMS,GI_policy_details_travel_tanzania20210621114322.csv
tanzania,GI/AIMS,GI_policy_statement_tanzania.csv
tanzania,GI/AIMS,GI_policy_statement_tanzania20210609215139.csv
tanzania,GI/AIMS,GI_policy_statement_tanzania2021060921513920210610030414.csv
tanzania,GI/AIMS,GI_policy_statement_tanzania20210616142703.csv
tanzania,GI/AIMS,GI_policy_statement_tanzania20210617131411.csv
tanzania,GI/AIMS,GI_policy_statement_tanzania20210618223322.csv
tanzania,GI/AIMS,GI_policy_statement_tanzania20210621114322.csv
tanzania,GI/AIMS,GI_policyheader_tanzania.csv
tanzania,GI/AIMS,GI_policyheader_tanzania20210609215139.csv
tanzania,GI/AIMS,GI_policyheader_tanzania2021060921513920210610030414.csv
tanzania,GI/AIMS,GI_policyheader_tanzania20210616142703.csv
tanzania,GI/AIMS,GI_policyheader_tanzania20210617131411.csv
tanzania,GI/AIMS,GI_policyheader_tanzania20210618223322.csv
tanzania,GI/AIMS,GI_policyheader_tanzania20210621114322.csv
tanzania,GI/AIMS,GI_policyheader_travel_tanzania.csv
tanzania,GI/AIMS,GI_policyheader_travel_tanzania20210609215139.csv
tanzania,GI/AIMS,GI_policyheader_travel_tanzania2021060921513920210610030414.csv
tanzania,GI/AIMS,GI_policyheader_travel_tanzania20210616142703.csv
tanzania,GI/AIMS,GI_policyheader_travel_tanzania20210617131411.csv
tanzania,GI/AIMS,GI_policyheader_travel_tanzania20210618223322.csv
tanzania,GI/AIMS,GI_policyheader_travel_tanzania20210621114322.csv
tanzania,GI/AIMS,tanzania_claims_history_gi.csv
tanzania,GI/AIMS,tanzania_claims_history_motor.csv
tanzania,GI/AIMS,tanzania_gi_customer.csv
tanzania,GI/AIMS,tanzania_intermediaries_gi.csv
tanzania,GI/AIMS,tanzania_intermediary_commission_statement.csv
tanzania,GI/AIMS,tanzania_policy_details_motor.csv
tanzania,GI/AIMS,tanzania_policy_details_travel.csv
tanzania,GI/AIMS,tanzania_policy_header_non_motor.csv
tanzania,GI/AIMS,tanzania_policy_header_travel.csv
tanzania,GI/AIMS,tanzania_policy_statements_gi.csv
uganda,GI/AIMS,GI_Intermediaries_uganda20210616142703.csv
uganda,GI/AIMS,GI_Intermediaries_uganda20210617131411.csv
uganda,GI/AIMS,GI_Intermediaries_uganda20210618223322.csv
uganda,GI/AIMS,GI_Intermediaries_uganda20210621114322.csv
uganda,GI/AIMS,GI_claims_motor_uganda20210616142703.csv
uganda,GI/AIMS,GI_claims_motor_uganda20210617131411.csv
uganda,GI/AIMS,GI_claims_motor_uganda20210618223322.csv
uganda,GI/AIMS,GI_claims_motor_uganda20210621114322.csv
uganda,GI/AIMS,GI_claims_uganda20210616142703.csv
uganda,GI/AIMS,GI_claims_uganda20210617131411.csv
uganda,GI/AIMS,GI_claims_uganda20210618223322.csv
uganda,GI/AIMS,GI_claims_uganda20210621114322.csv
uganda,GI/AIMS,GI_customer_uganda20210616142703.csv
uganda,GI/AIMS,GI_customer_uganda20210617131411.csv
uganda,GI/AIMS,GI_customer_uganda20210618223322.csv
uganda,GI/AIMS,GI_customer_uganda20210621114322.csv
uganda,GI/AIMS,GI_policy_details_motor_uganda20210616142703.csv
uganda,GI/AIMS,GI_policy_details_motor_uganda20210617131411.csv
uganda,GI/AIMS,GI_policy_details_motor_uganda20210618223322.csv
uganda,GI/AIMS,GI_policy_details_motor_uganda20210621114322.csv
uganda,GI/AIMS,GI_policy_details_travel_uganda20210616142703.csv
uganda,GI/AIMS,GI_policy_details_travel_uganda20210617131411.csv
uganda,GI/AIMS,GI_policy_details_travel_uganda20210618223322.csv
uganda,GI/AIMS,GI_policy_details_travel_uganda20210621114322.csv
uganda,GI/AIMS,GI_policy_statement_uganda20210616142703.csv
uganda,GI/AIMS,GI_policy_statement_uganda20210617131411.csv
uganda,GI/AIMS,GI_policy_statement_uganda20210618223322.csv
uganda,GI/AIMS,GI_policy_statement_uganda20210621114322.csv
uganda,GI/AIMS,GI_policyheader_travel_uganda20210616142703.csv
uganda,GI/AIMS,GI_policyheader_travel_uganda20210617131411.csv
uganda,GI/AIMS,GI_policyheader_travel_uganda20210618223322.csv
uganda,GI/AIMS,GI_policyheader_travel_uganda20210621114322.csv
uganda,GI/AIMS,GI_policyheader_uganda20210616142703.csv
uganda,GI/AIMS,GI_policyheader_uganda20210617131411.csv
uganda,GI/AIMS,GI_policyheader_uganda20210618223322.csv
uganda,GI/AIMS,GI_policyheader_uganda20210621114322.csv
uganda,GI/AIMS,uganda_Health_Policy_Details.csv
uganda,GI/AIMS,uganda_Health_Policy_Header.csv
uganda,GI/AIMS,uganda_claims_history_gi.csv
uganda,GI/AIMS,uganda_gi_customer.csv
uganda,GI/AIMS,uganda_gi_motor_claims.csv
uganda,GI/AIMS,uganda_health_claims.csv
uganda,GI/AIMS,uganda_health_customer_staging.csv
uganda,GI/AIMS,uganda_health_policy_statement.csv
uganda,GI/AIMS,uganda_intermediaries_gi.csv
uganda,GI/AIMS,uganda_intermediaries_health.csv
uganda,GI/AIMS,uganda_intermediary_commission_statement.csv
uganda,GI/AIMS,uganda_policy_details_motor.csv
uganda,GI/AIMS,uganda_policy_details_travel.csv
uganda,GI/AIMS,uganda_policy_header_non_motor.csv
uganda,GI/AIMS,uganda_policy_header_travel.csv
uganda,GI/AIMS,uganda_policy_statements_gi.csv
uganda,Health/eOxegen,Health_Intermediaries_uganda2021060921513920210610030414.csv
uganda,Health/eOxegen,Health_Intermediaries_uganda2021061003041420210610030414.csv
uganda,Health/eOxegen,Health_Intermediaries_uganda20210617131411.csv
uganda,Health/eOxegen,Health_Intermediaries_uganda20210618223322.csv
uganda,Health/eOxegen,Health_Intermediaries_uganda20210621114322.csv
uganda,Health/eOxegen,Health_claims_uganda2021060921513920210610030414.csv
uganda,Health/eOxegen,Health_claims_uganda20210610030414.csv
uganda,Health/eOxegen,Health_claims_uganda20210617131411.csv
uganda,Health/eOxegen,Health_claims_uganda20210618223322.csv
uganda,Health/eOxegen,Health_claims_uganda20210621114322.csv
uganda,Health/eOxegen,Health_customer_uganda2021060921513920210610030414.csv
uganda,Health/eOxegen,Health_customer_uganda20210610030414.csv
uganda,Health/eOxegen,Health_customer_uganda20210617131411.csv
uganda,Health/eOxegen,Health_customer_uganda20210618223322.csv
uganda,Health/eOxegen,Health_customer_uganda20210621114322.csv
uganda,Health/eOxegen,Health_policy_details_uganda2021060921513920210610030414.csv
uganda,Health/eOxegen,Health_policy_details_uganda20210610030414.csv
uganda,Health/eOxegen,Health_policy_details_uganda20210617131411.csv
uganda,Health/eOxegen,Health_policy_details_uganda20210618223322.csv
uganda,Health/eOxegen,Health_policy_details_uganda20210621114322.csv
uganda,Health/eOxegen,Health_policy_statement_uganda2021060921513920210610030414.csv
uganda,Health/eOxegen,Health_policy_statement_uganda20210610030414.csv
uganda,Health/eOxegen,Health_policy_statement_uganda20210617131411.csv
uganda,Health/eOxegen,Health_policy_statement_uganda20210618223322.csv
uganda,Health/eOxegen,Health_policy_statement_uganda20210621114322.csv
uganda,Health/eOxegen,Health_policyheader_uganda2021060921513920210610030414.csv
uganda,Health/eOxegen,Health_policyheader_uganda20210610030414.csv
uganda,Health/eOxegen,Health_policyheader_uganda20210617131411.csv
uganda,Health/eOxegen,Health_policyheader_uganda20210618223322.csv
uganda,Health/eOxegen,Health_policyheader_uganda20210621114322.csv
uganda,Health/eOxegen,uganda_health_claims.csv
uganda,Health/eOxegen,uganda_health_customer_staging.csv
uganda,Health/eOxegen,uganda_intermediaries_health.csv
uganda,Health/eOxegen,uganda_policy_details_health.csv
uganda,Health/eOxegen,uganda_policy_header_health.csv
uganda,Health/eOxegen,uganda_policy_statements_health.csv
uganda,Life/Thought_Express,uganda_life_policy-2021-07-19 10:05:40.csv
uganda,Life/Thought_Express,uganda_life_policy.csv
uganda,Life/Thought_Express,uganda_life_customer.csv
uganda,Life/Thought_Express,uganda_life_intermediaries.csv
uganda,Life/Thought_Express,uganda_life_policy.csv
uganda,Life/Thought_Express,uganda_life_policy_statement.csv
uganda,Life/Thought_Express,uganda_policy_dependents.csv
zimbabwe,GI/AIMS,agents_tanzania.csv
zimbabwe,GI/AIMS,GI_Non_Motor Policies_success.csv
zimbabwe,GI/AIMS,GI_Non_Motor Policies_success.csv
zimbabwe,GI/AIMS,zimbabwe_customer_master_banking_postilion.csv
zimbabwe,GI/AIMS,zimbabwe_customer_master_funeral_oipa.csv
zimbabwe,GI/AIMS,zimbabwe_customer_master_general_insurance_i90.csv
zimbabwe,GI/AIMS,zimbabwe_customer_master_securities_sybrin.csv
zimbabwe,GI/AIMS,zimbabwe_intermediary_master_funeral_oipa.csv
zimbabwe,GI/AIMS,zimbabwe_intermediary_master_general_insurance_i90.csv
zimbabwe,GI/AIMS,zimbabwe_policy_header_funeral_oipa.csv
